<?xml version="1.0" encoding="UTF-8"?>
<project-private xmlns="http://www.netbeans.org/ns/project-private/1">
    <editor-bookmarks xmlns="http://www.netbeans.org/ns/editor-bookmarks/2" lastBookmarkId="0"/>
    <open-files xmlns="http://www.netbeans.org/ns/projectui-open-files/2">
        <group>
            <file>file:/C:/Users/Brandon/Documents/NetBeansProjects/FinalProject/src/finalproject/Maps.java</file>
            <file>file:/C:/Users/Brandon/Documents/NetBeansProjects/FinalProject/src/finalproject/GameBoard.java</file>
            <file>file:/C:/Users/Brandon/Documents/NetBeansProjects/FinalProject/src/finalproject/Texture.java</file>
            <file>file:/C:/Users/Brandon/Documents/NetBeansProjects/FinalProject/src/finalproject/InputHandler.java</file>
            <file>file:/C:/Users/Brandon/Documents/NetBeansProjects/FinalProject/src/finalproject/FinalProject.java</file>
            <file>file:/C:/Users/Brandon/Documents/NetBeansProjects/FinalProject/src/finalproject/Enemy.java</file>
            <file>file:/C:/Users/Brandon/Documents/NetBeansProjects/FinalProject/src/finalproject/PlayState.java</file>
            <file>file:/C:/Users/Brandon/Documents/NetBeansProjects/FinalProject/src/finalproject/MainMenuState.java</file>
            <file>file:/C:/Users/Brandon/Documents/NetBeansProjects/FinalProject/src/finalproject/Tile.java</file>
        </group>
    </open-files>
</project-private>
